<annotation>
	<folder>1</folder>
	<filename>64d6a3d2-41c1-4c85-8b6f-5eb95f7cdb3d.jpg</filename>
	<path>C:\Users\znzna\Documents\train\1\64d6a3d2-41c1-4c85-8b6f-5eb95f7cdb3d.jpg</path>
	<source>
		<database>Unknown</database>
	</source>
	<size>
		<width>150</width>
		<height>150</height>
		<depth>3</depth>
	</size>
	<segmented>0</segmented>
	<object>
		<name>1</name>
		<pose>Unspecified</pose>
		<truncated>1</truncated>
		<difficult>0</difficult>
		<bndbox>
			<xmin>1</xmin>
			<ymin>1</ymin>
			<xmax>150</xmax>
			<ymax>150</ymax>
		</bndbox>
	</object>
</annotation>
