<annotation>
	<folder>1</folder>
	<filename>c31f6f24-9c6d-4cd0-b1bd-f12257dd24aa.jpg</filename>
	<path>C:\Users\znzna\Documents\train\1\c31f6f24-9c6d-4cd0-b1bd-f12257dd24aa.jpg</path>
	<source>
		<database>Unknown</database>
	</source>
	<size>
		<width>150</width>
		<height>150</height>
		<depth>3</depth>
	</size>
	<segmented>0</segmented>
	<object>
		<name>1</name>
		<pose>Unspecified</pose>
		<truncated>1</truncated>
		<difficult>0</difficult>
		<bndbox>
			<xmin>1</xmin>
			<ymin>1</ymin>
			<xmax>150</xmax>
			<ymax>150</ymax>
		</bndbox>
	</object>
</annotation>
