<annotation>
	<folder>1</folder>
	<filename>c5a79552-6c1f-40f7-8697-184e4ce150a9.jpg</filename>
	<path>C:\Users\znzna\Documents\train\1\c5a79552-6c1f-40f7-8697-184e4ce150a9.jpg</path>
	<source>
		<database>Unknown</database>
	</source>
	<size>
		<width>150</width>
		<height>150</height>
		<depth>3</depth>
	</size>
	<segmented>0</segmented>
	<object>
		<name>1</name>
		<pose>Unspecified</pose>
		<truncated>1</truncated>
		<difficult>0</difficult>
		<bndbox>
			<xmin>1</xmin>
			<ymin>1</ymin>
			<xmax>150</xmax>
			<ymax>150</ymax>
		</bndbox>
	</object>
</annotation>
